{
  "Period (Days)": 3.2347,
  "Depth": 0.012197920474950497,
  "Duration (Days)": 0.41246971906421087,
  "SNR": 16.57099421142315
}